Frequency (Hz),Zreal,Zimag
0.001,9.9e+37,9.9e+37
0.008,9.9e+37,9.9e+37
0.06,9.9e+37,9.9e+37
0.464,9.9e+37,9.9e+37
3.594,-35.4005,189.34
27.826,-1.78667,27.1724
215.44,-0.518793,3.7456
1668.1,-0.33422,0.51856
12915.0,-0.306229,0.0719535
100000.0,-0.303384,-0.0171569
